sample	patient	cohort	drug	response	measure_of_response	exprs_sample_barcode	cna_sample_barcode	mut_sample_barcode
TCGA-50-5930-01A	TCGA-50-5930	LUAD	Docetaxel	R	Clinical Progressive Disease	TCGA-50-5930-01A-11R-1755-07	TCGA-50-5930-01A-11D-1752-01	TCGA-50-5930-01A-11D-1753-08
TCGA-53-7624-01A	TCGA-53-7624	LUAD	Docetaxel	R	Clinical Progressive Disease	TCGA-53-7624-01A-11R-2066-07	TCGA-53-7624-01A-11D-2062-01	TCGA-53-7624-01A-11D-2063-08
TCGA-A2-A0CK-01A	TCGA-A2-A0CK	BRCA	Docetaxel	S	Complete Response	TCGA-A2-A0CK-01A-11R-A22K-07	TCGA-A2-A0CK-01A-11D-A227-01	TCGA-A2-A0CK-01A-11D-A228-09
TCGA-A2-A3XS-01A	TCGA-A2-A3XS	BRCA	Docetaxel	R	Clinical Progressive Disease	TCGA-A2-A3XS-01A-11R-A22U-07	TCGA-A2-A3XS-01A-11D-A22W-01	TCGA-A2-A3XS-01A-11D-A22X-09
TCGA-A2-A3XT-01A	TCGA-A2-A3XT	BRCA	Docetaxel	S	Partial Response	TCGA-A2-A3XT-01A-11R-A22U-07	TCGA-A2-A3XT-01A-11D-A22W-01	TCGA-A2-A3XT-01A-11D-A22X-09
TCGA-A2-A3Y0-01A	TCGA-A2-A3Y0	BRCA	Docetaxel	S	Complete Response	TCGA-A2-A3Y0-01A-11R-A239-07	TCGA-A2-A3Y0-01A-11D-A238-01	TCGA-A2-A3Y0-01A-11D-A23C-09
TCGA-AC-A2FB-01A	TCGA-AC-A2FB	BRCA	Docetaxel	S	Complete Response	TCGA-AC-A2FB-01A-11R-A17B-07	TCGA-AC-A2FB-01A-11D-A17C-01	TCGA-AC-A2FB-01A-11D-A17D-09
TCGA-BH-A5IZ-01A	TCGA-BH-A5IZ	BRCA	Docetaxel	S	Complete Response	TCGA-BH-A5IZ-01A-11R-A27Q-07	TCGA-BH-A5IZ-01A-11D-A27O-01	TCGA-BH-A5IZ-01A-11D-A27P-09
TCGA-CG-5725-01A	TCGA-CG-5725	STAD	Docetaxel	R	Clinical Progressive Disease	TCGA-CG-5725-01A-11R-1602-13	TCGA-CG-5725-01A-11D-1599-01	TCGA-CG-5725-01A-11D-1600-08
TCGA-CN-4731-01A	TCGA-CN-4731	HNSC	Docetaxel	R	Clinical Progressive Disease	TCGA-CN-4731-01A-01R-1436-07	TCGA-CN-4731-01A-01D-1432-01	TCGA-CN-4731-01A-01D-1434-08
TCGA-GD-A3OS-01A	TCGA-GD-A3OS	BLCA	Docetaxel	R	Clinical Progressive Disease	TCGA-GD-A3OS-01A-12R-A220-07	TCGA-GD-A3OS-01A-12D-A21Y-01	TCGA-GD-A3OS-01A-12D-A21Z-08
TCGA-GM-A2DA-01A	TCGA-GM-A2DA	BRCA	Docetaxel	R	Stable Disease	TCGA-GM-A2DA-01A-11R-A18M-07	TCGA-GM-A2DA-01A-11D-A18N-01	TCGA-GM-A2DA-01A-11D-A18P-09
TCGA-GM-A2DI-01A	TCGA-GM-A2DI	BRCA	Docetaxel	S	Complete Response	TCGA-GM-A2DI-01A-31R-A18M-07	TCGA-GM-A2DI-01A-31D-A18N-01	TCGA-GM-A2DI-01A-31D-A18P-09
TCGA-IW-A3M4-01A	TCGA-IW-A3M4	SARC	Docetaxel	S	Complete Response	TCGA-IW-A3M4-01A-11R-A21T-07	TCGA-IW-A3M4-01A-11D-A21P-01	TCGA-IW-A3M4-01A-11D-A21Q-09
TCGA-J2-8194-01A	TCGA-J2-8194	LUAD	Docetaxel	R	Stable Disease	TCGA-J2-8194-01A-11R-2241-07	TCGA-J2-8194-01A-11D-2237-01	TCGA-J2-8194-01A-11D-2238-08
TCGA-KF-A41W-01A	TCGA-KF-A41W	SARC	Docetaxel	S	Complete Response	TCGA-KF-A41W-01A-11R-A24X-07	TCGA-KF-A41W-01A-11D-A24M-01	TCGA-KF-A41W-01A-11D-A24N-09
