sample	patient	cohort	drug	response	measure_of_response	exprs_sample_barcode	cna_sample_barcode	mut_sample_barcode
TCGA-50-5068-01A	TCGA-50-5068	LUAD	Paclitaxel	R	Clinical Progressive Disease	TCGA-50-5068-01A-01R-1628-07	TCGA-50-5068-01A-01D-1624-01	TCGA-50-5068-01A-01D-1625-08
TCGA-53-7624-01A	TCGA-53-7624	LUAD	Paclitaxel	R	Clinical Progressive Disease	TCGA-53-7624-01A-11R-2066-07	TCGA-53-7624-01A-11D-2062-01	TCGA-53-7624-01A-11D-2063-08
TCGA-99-8033-01A	TCGA-99-8033	LUAD	Paclitaxel	R	Stable Disease	TCGA-99-8033-01A-11R-2241-07	TCGA-99-8033-01A-11D-2237-01	TCGA-99-8033-01A-11D-2238-08
TCGA-A2-A0EP-01A	TCGA-A2-A0EP	BRCA	Paclitaxel	S	Complete Response	TCGA-A2-A0EP-01A-52R-A22U-07	TCGA-A2-A0EP-01A-52D-A22W-01	TCGA-A2-A0EP-01A-52D-A22X-09
TCGA-A2-A3XS-01A	TCGA-A2-A3XS	BRCA	Paclitaxel	S	Complete Response	TCGA-A2-A3XS-01A-11R-A22U-07	TCGA-A2-A3XS-01A-11D-A22W-01	TCGA-A2-A3XS-01A-11D-A22X-09
TCGA-A2-A3XW-01A	TCGA-A2-A3XW	BRCA	Paclitaxel	S	Complete Response	TCGA-A2-A3XW-01A-11R-A239-07	TCGA-A2-A3XW-01A-11D-A238-01	TCGA-A2-A3XW-01A-11D-A23C-09
TCGA-A2-A3XX-01A	TCGA-A2-A3XX	BRCA	Paclitaxel	S	Complete Response	TCGA-A2-A3XX-01A-21R-A239-07	TCGA-A2-A3XX-01A-21D-A238-01	TCGA-A2-A3XX-01A-21D-A23C-09
TCGA-A2-A3XY-01A	TCGA-A2-A3XY	BRCA	Paclitaxel	S	Complete Response	TCGA-A2-A3XY-01A-11R-A239-07	TCGA-A2-A3XY-01A-11D-A238-01	TCGA-A2-A3XY-01A-11D-A23C-09
TCGA-A2-A4S2-01A	TCGA-A2-A4S2	BRCA	Paclitaxel	S	Complete Response	TCGA-A2-A4S2-01A-12R-A266-07	TCGA-A2-A4S2-01A-12D-A25N-01	TCGA-A2-A4S2-01A-12D-A25Q-09
TCGA-A7-A4SA-01A	TCGA-A7-A4SA	BRCA	Paclitaxel	S	Complete Response	TCGA-A7-A4SA-01A-11R-A266-07	TCGA-A7-A4SA-01A-11D-A25N-01	TCGA-A7-A4SA-01A-11D-A25Q-09
TCGA-A7-A4SE-01A	TCGA-A7-A4SE	BRCA	Paclitaxel	S	Complete Response	TCGA-A7-A4SE-01A-11R-A266-07	TCGA-A7-A4SE-01A-11D-A25N-01	TCGA-A7-A4SE-01A-11D-A25Q-09
TCGA-A7-A5ZV-01A	TCGA-A7-A5ZV	BRCA	Paclitaxel	S	Complete Response	TCGA-A7-A5ZV-01A-11R-A28M-07	TCGA-A7-A5ZV-01A-11D-A28A-01	TCGA-A7-A5ZV-01A-11D-A28B-09
TCGA-A7-A5ZX-01A	TCGA-A7-A5ZX	BRCA	Paclitaxel	S	Complete Response	TCGA-A7-A5ZX-01A-12R-A29R-07	TCGA-A7-A5ZX-01A-12D-A29M-01	TCGA-A7-A5ZX-01A-12D-A29N-09
TCGA-A8-A08X-01A	TCGA-A8-A08X	BRCA	Paclitaxel	S	Complete Response	TCGA-A8-A08X-01A-21R-A00Z-07	TCGA-A8-A08X-01A-21D-A011-01	TCGA-A8-A08X-01A-21W-A019-09
TCGA-A8-A09M-01A	TCGA-A8-A09M	BRCA	Paclitaxel	S	Complete Response	TCGA-A8-A09M-01A-11R-A00Z-07	TCGA-A8-A09M-01A-11D-A011-01	TCGA-A8-A09M-01A-11W-A019-09
TCGA-AQ-A54O-01A	TCGA-AQ-A54O	BRCA	Paclitaxel	S	Complete Response	TCGA-AQ-A54O-01A-11R-A266-07	TCGA-AQ-A54O-01A-11D-A25N-01	TCGA-AQ-A54O-01A-11D-A25Q-09
TCGA-B6-A402-01A	TCGA-B6-A402	BRCA	Paclitaxel	S	Partial Response	TCGA-B6-A402-01A-11R-A239-07	TCGA-B6-A402-01A-11D-A238-01	TCGA-B6-A402-01A-11D-A23C-09
TCGA-D8-A3Z6-01A	TCGA-D8-A3Z6	BRCA	Paclitaxel	R	Stable Disease	TCGA-D8-A3Z6-01A-11R-A239-07	TCGA-D8-A3Z6-01A-11D-A238-01	TCGA-D8-A3Z6-01A-11D-A23C-09
TCGA-EW-A1OY-01A	TCGA-EW-A1OY	BRCA	Paclitaxel	R	Stable Disease	TCGA-EW-A1OY-01A-11R-A144-07	TCGA-EW-A1OY-01A-11D-A141-01	TCGA-EW-A1OY-01A-11D-A142-09
TCGA-EW-A1P3-01A	TCGA-EW-A1P3	BRCA	Paclitaxel	R	Stable Disease	TCGA-EW-A1P3-01A-11R-A144-07	TCGA-EW-A1P3-01A-11D-A141-01	TCGA-EW-A1P3-01A-11D-A142-09
TCGA-EW-A2FR-01A	TCGA-EW-A2FR	BRCA	Paclitaxel	R	Stable Disease	TCGA-EW-A2FR-01A-11R-A21T-07	TCGA-EW-A2FR-01A-11D-A21P-01	TCGA-EW-A2FR-01A-11D-A21Q-09
TCGA-GM-A2DA-01A	TCGA-GM-A2DA	BRCA	Paclitaxel	R	Stable Disease	TCGA-GM-A2DA-01A-11R-A18M-07	TCGA-GM-A2DA-01A-11D-A18N-01	TCGA-GM-A2DA-01A-11D-A18P-09
TCGA-GM-A2DB-01A	TCGA-GM-A2DB	BRCA	Paclitaxel	S	Complete Response	TCGA-GM-A2DB-01A-31R-A18M-07	TCGA-GM-A2DB-01A-31D-A18N-01	TCGA-GM-A2DB-01A-31D-A19Y-09
TCGA-GM-A2DF-01A	TCGA-GM-A2DF	BRCA	Paclitaxel	S	Complete Response	TCGA-GM-A2DF-01A-11R-A180-07	TCGA-GM-A2DF-01A-11D-A17U-01	TCGA-GM-A2DF-01A-11D-A17W-09
TCGA-GM-A2DH-01A	TCGA-GM-A2DH	BRCA	Paclitaxel	S	Complete Response	TCGA-GM-A2DH-01A-11R-A180-07	TCGA-GM-A2DH-01A-11D-A17U-01	TCGA-GM-A2DH-01A-11D-A17W-09
TCGA-GM-A2DM-01A	TCGA-GM-A2DM	BRCA	Paclitaxel	S	Complete Response	TCGA-GM-A2DM-01A-11R-A180-07	TCGA-GM-A2DM-01A-11D-A17U-01	TCGA-GM-A2DM-01A-11D-A17W-09
TCGA-GM-A2DN-01A	TCGA-GM-A2DN	BRCA	Paclitaxel	S	Complete Response	TCGA-GM-A2DN-01A-11R-A180-07	TCGA-GM-A2DN-01A-11D-A17U-01	TCGA-GM-A2DN-01A-11D-A17W-09
TCGA-GM-A3XG-01A	TCGA-GM-A3XG	BRCA	Paclitaxel	S	Complete Response	TCGA-GM-A3XG-01A-31R-A24H-07	TCGA-GM-A3XG-01A-31D-A242-01	TCGA-GM-A3XG-01A-31D-A243-09
TCGA-GM-A3XL-01A	TCGA-GM-A3XL	BRCA	Paclitaxel	S	Complete Response	TCGA-GM-A3XL-01A-11R-A22U-07	TCGA-GM-A3XL-01A-11D-A22W-01	TCGA-GM-A3XL-01A-11D-A22X-09
TCGA-GM-A3XN-01A	TCGA-GM-A3XN	BRCA	Paclitaxel	S	Complete Response	TCGA-GM-A3XN-01A-12R-A22U-07	TCGA-GM-A3XN-01A-12D-A22W-01	TCGA-GM-A3XN-01A-12D-A22X-09
TCGA-IN-8462-01A	TCGA-IN-8462	STAD	Paclitaxel	R	Clinical Progressive Disease	TCGA-IN-8462-01A-11R-2343-13	TCGA-IN-8462-01A-11D-2338-01	TCGA-IN-8462-01A-11D-2340-08
TCGA-N5-A4RO-01A	TCGA-N5-A4RO	UCS	Paclitaxel	S	Partial Response	TCGA-N5-A4RO-01A-11R-A28V-07	TCGA-N5-A4RO-01A-11D-A28Q-01	TCGA-N5-A4RO-01A-11D-A28R-08
TCGA-N9-A4PZ-01A	TCGA-N9-A4PZ	UCS	Paclitaxel	S	Complete Response	TCGA-N9-A4PZ-01A-22R-A28V-07	TCGA-N9-A4PZ-01A-22D-A28Q-01	TCGA-N9-A4PZ-01A-22D-A28R-08
TCGA-NA-A4QW-01A	TCGA-NA-A4QW	UCS	Paclitaxel	S	Complete Response	TCGA-NA-A4QW-01A-11R-A28V-07	TCGA-NA-A4QW-01A-11D-A28Q-01	TCGA-NA-A4QW-01A-11D-A28R-08
TCGA-QK-A6IH-01A	TCGA-QK-A6IH	HNSC	Paclitaxel	R	Clinical Progressive Disease	TCGA-QK-A6IH-01A-11R-A31N-07	TCGA-QK-A6IH-01A-11D-A31K-01	TCGA-QK-A6IH-01A-11D-A31L-08
