sample	patient	cohort	drug	response	measure_of_response	exprs_sample_barcode	cna_sample_barcode	mut_sample_barcode
TCGA-BA-A4IG-01A	TCGA-BA-A4IG	HNSC	Cetuximab	S	Complete Response	TCGA-BA-A4IG-01A-11R-A266-07	TCGA-BA-A4IG-01A-11D-A25X-01	TCGA-BA-A4IG-01A-11D-A25Y-08
TCGA-CN-4731-01A	TCGA-CN-4731	HNSC	Cetuximab	R	Clinical Progressive Disease	TCGA-CN-4731-01A-01R-1436-07	TCGA-CN-4731-01A-01D-1432-01	TCGA-CN-4731-01A-01D-1434-08
TCGA-CN-A49C-01A	TCGA-CN-A49C	HNSC	Cetuximab	S	Complete Response	TCGA-CN-A49C-01A-11R-A24H-07	TCGA-CN-A49C-01A-11D-A24C-01	TCGA-CN-A49C-01A-11D-A24D-08
TCGA-CN-A6V1-01A	TCGA-CN-A6V1	HNSC	Cetuximab	S	Complete Response	TCGA-CN-A6V1-01A-12R-A34R-07	TCGA-CN-A6V1-01A-12D-A34I-01	TCGA-CN-A6V1-01A-12D-A34J-08
TCGA-CR-7404-01A	TCGA-CR-7404	HNSC	Cetuximab	S	Partial Response	TCGA-CR-7404-01A-11R-2132-07	TCGA-CR-7404-01A-11D-2128-01	TCGA-CR-7404-01A-11D-2129-08
TCGA-DQ-7596-01A	TCGA-DQ-7596	HNSC	Cetuximab	S	Partial Response	TCGA-DQ-7596-01A-11R-2232-07	TCGA-DQ-7596-01A-11D-2228-01	TCGA-DQ-7596-01A-11D-2229-08
TCGA-HD-8224-01A	TCGA-HD-8224	HNSC	Cetuximab	R	Clinical Progressive Disease	TCGA-HD-8224-01A-11R-2403-07	TCGA-HD-8224-01A-11D-2390-01	TCGA-HD-8224-01A-11D-2394-08
TCGA-KU-A6H8-01A	TCGA-KU-A6H8	HNSC	Cetuximab	R	Clinical Progressive Disease	TCGA-KU-A6H8-01A-21R-A34R-07	TCGA-KU-A6H8-01A-21D-A34I-01	TCGA-KU-A6H8-01A-21D-A34J-08
TCGA-QK-A6IH-01A	TCGA-QK-A6IH	HNSC	Cetuximab	R	Stable Disease	TCGA-QK-A6IH-01A-11R-A31N-07	TCGA-QK-A6IH-01A-11D-A31K-01	TCGA-QK-A6IH-01A-11D-A31L-08
TCGA-RS-A6TO-01A	TCGA-RS-A6TO	HNSC	Cetuximab	S	Complete Response	TCGA-RS-A6TO-01A-32R-A34R-07	TCGA-RS-A6TO-01A-32D-A34I-01	TCGA-RS-A6TO-01A-32D-A34J-08
