sample	patient	cohort	drug	response	measure_of_response	exprs_sample_barcode	cna_sample_barcode	mut_sample_barcode
TCGA-2L-AAQA-01A	TCGA-2L-AAQA	PAAD	Gemcitabine	R	Clinical Progressive Disease	TCGA-2L-AAQA-01A-21R-A38C-07	TCGA-2L-AAQA-01A-21D-A38F-01	TCGA-2L-AAQA-01A-21D-A38G-08
TCGA-2L-AAQE-01A	TCGA-2L-AAQE	PAAD	Gemcitabine	R	Clinical Progressive Disease	TCGA-2L-AAQE-01A-11R-A39D-07	TCGA-2L-AAQE-01A-11D-A396-01	TCGA-2L-AAQE-01A-11D-A397-08
TCGA-2L-AAQI-01A	TCGA-2L-AAQI	PAAD	Gemcitabine	R	Clinical Progressive Disease	TCGA-2L-AAQI-01A-12R-A39D-07	TCGA-2L-AAQI-01A-12D-A396-01	TCGA-2L-AAQI-01A-12D-A397-08
TCGA-2L-AAQJ-01A	TCGA-2L-AAQJ	PAAD	Gemcitabine	R	Clinical Progressive Disease	TCGA-2L-AAQJ-01A-12R-A39D-07	TCGA-2L-AAQJ-01A-12D-A396-01	TCGA-2L-AAQJ-01A-12D-A397-08
TCGA-3A-A9I9-01A	TCGA-3A-A9I9	PAAD	Gemcitabine	R	Stable Disease	TCGA-3A-A9I9-01A-11R-A38C-07	TCGA-3A-A9I9-01A-11D-A38F-01	TCGA-3A-A9I9-01A-11D-A38G-08
TCGA-3A-A9IH-01A	TCGA-3A-A9IH	PAAD	Gemcitabine	R	Stable Disease	TCGA-3A-A9IH-01A-12R-A39D-07	TCGA-3A-A9IH-01A-12D-A396-01	TCGA-3A-A9IH-01A-12D-A397-08
TCGA-3A-A9IX-01A	TCGA-3A-A9IX	PAAD	Gemcitabine	S	Complete Response	TCGA-3A-A9IX-01A-11R-A41B-07	TCGA-3A-A9IX-01A-11D-A40V-01	TCGA-3A-A9IX-01A-11D-A40W-08
TCGA-3A-A9IZ-01A	TCGA-3A-A9IZ	PAAD	Gemcitabine	R	Clinical Progressive Disease	TCGA-3A-A9IZ-01A-12R-A41B-07	TCGA-3A-A9IZ-01A-12D-A40V-01	TCGA-3A-A9IZ-01A-12D-A40W-08
TCGA-3A-A9J0-01A	TCGA-3A-A9J0	PAAD	Gemcitabine	R	Clinical Progressive Disease	TCGA-3A-A9J0-01A-11R-A41B-07	TCGA-3A-A9J0-01A-11D-A40V-01	TCGA-3A-A9J0-01A-11D-A40W-08
TCGA-3B-A9I1-01A	TCGA-3B-A9I1	SARC	Gemcitabine	R	Clinical Progressive Disease	TCGA-3B-A9I1-01A-11R-A39D-07	TCGA-3B-A9I1-01A-11D-A38Y-01	TCGA-3B-A9I1-01A-11D-A38Z-09
TCGA-43-5668-01A	TCGA-43-5668	LUSC	Gemcitabine	R	Clinical Progressive Disease	TCGA-43-5668-01A-01R-1635-07	TCGA-43-5668-01A-01D-1631-01	TCGA-43-5668-01A-01D-1632-08
TCGA-53-7624-01A	TCGA-53-7624	LUAD	Gemcitabine	R	Clinical Progressive Disease	TCGA-53-7624-01A-11R-2066-07	TCGA-53-7624-01A-11D-2062-01	TCGA-53-7624-01A-11D-2063-08
TCGA-DD-A3A4-01A	TCGA-DD-A3A4	LIHC	Gemcitabine	R	Clinical Progressive Disease	TCGA-DD-A3A4-01A-11R-A22L-07	TCGA-DD-A3A4-01A-11D-A22E-01	TCGA-DD-A3A4-01A-11D-A22F-10
TCGA-DK-A3IQ-01A	TCGA-DK-A3IQ	BLCA	Gemcitabine	R	Stable Disease	TCGA-DK-A3IQ-01A-31R-A32Y-07	TCGA-DK-A3IQ-01A-31D-A20B-01	TCGA-DK-A3IQ-01A-31D-A20D-08
TCGA-F2-6879-01A	TCGA-F2-6879	PAAD	Gemcitabine	S	Partial Response	TCGA-F2-6879-01A-11R-2156-07	TCGA-F2-6879-01A-11D-2153-01	TCGA-F2-6879-01A-11D-2154-08
TCGA-F2-6880-01A	TCGA-F2-6880	PAAD	Gemcitabine	S	Complete Response	TCGA-F2-6880-01A-11R-2156-07	TCGA-F2-6880-01A-11D-2153-01	TCGA-F2-6880-01A-11D-2154-08
TCGA-F2-7273-01A	TCGA-F2-7273	PAAD	Gemcitabine	R	Stable Disease	TCGA-F2-7273-01A-11R-2156-07	TCGA-F2-7273-01A-11D-2153-01	TCGA-F2-7273-01A-11D-2154-08
TCGA-F2-7276-01A	TCGA-F2-7276	PAAD	Gemcitabine	R	Clinical Progressive Disease	TCGA-F2-7276-01A-11R-2156-07	TCGA-F2-7276-01A-11D-2153-01	TCGA-F2-7276-01A-11D-2154-08
TCGA-F2-A44G-01A	TCGA-F2-A44G	PAAD	Gemcitabine	S	Complete Response	TCGA-F2-A44G-01A-11R-A26U-07	TCGA-F2-A44G-01A-11D-A26H-01	TCGA-F2-A44G-01A-11D-A26I-08
TCGA-F2-A44H-01A	TCGA-F2-A44H	PAAD	Gemcitabine	S	Complete Response	TCGA-F2-A44H-01A-11R-A26U-07	TCGA-F2-A44H-01A-11D-A26H-01	TCGA-F2-A44H-01A-11D-A26I-08
TCGA-F2-A8YN-01A	TCGA-F2-A8YN	PAAD	Gemcitabine	R	Clinical Progressive Disease	TCGA-F2-A8YN-01A-11R-A37L-07	TCGA-F2-A8YN-01A-11D-A376-01	TCGA-F2-A8YN-01A-11D-A377-08
TCGA-FB-A5VM-01A	TCGA-FB-A5VM	PAAD	Gemcitabine	R	Clinical Progressive Disease	TCGA-FB-A5VM-01A-11R-A32O-07	TCGA-FB-A5VM-01A-11D-A32M-01	TCGA-FB-A5VM-01A-11D-A32N-08
TCGA-FB-A78T-01A	TCGA-FB-A78T	PAAD	Gemcitabine	S	Complete Response	TCGA-FB-A78T-01A-12R-A32O-07	TCGA-FB-A78T-01A-12D-A32M-01	TCGA-FB-A78T-01A-12D-A32N-08
TCGA-FB-AAPP-01A	TCGA-FB-AAPP	PAAD	Gemcitabine	R	Clinical Progressive Disease	TCGA-FB-AAPP-01A-12R-A41B-07	TCGA-FB-AAPP-01A-12D-A40V-01	TCGA-FB-AAPP-01A-12D-A40W-08
TCGA-FB-AAPY-01A	TCGA-FB-AAPY	PAAD	Gemcitabine	S	Complete Response	TCGA-FB-AAPY-01A-11R-A41B-07	TCGA-FB-AAPY-01A-11D-A40V-01	TCGA-FB-AAPY-01A-11D-A40W-08
TCGA-FB-AAQ6-01A	TCGA-FB-AAQ6	PAAD	Gemcitabine	S	Complete Response	TCGA-FB-AAQ6-01A-11R-A41B-07	TCGA-FB-AAQ6-01A-11D-A40V-01	TCGA-FB-AAQ6-01A-11D-A40W-08
TCGA-FV-A3I0-01A	TCGA-FV-A3I0	LIHC	Gemcitabine	R	Clinical Progressive Disease	TCGA-FV-A3I0-01A-11R-A22L-07	TCGA-FV-A3I0-01A-11D-A22E-01	TCGA-FV-A3I0-01A-11D-A22F-10
TCGA-H8-A6C1-01A	TCGA-H8-A6C1	PAAD	Gemcitabine	S	Complete Response	TCGA-H8-A6C1-01A-11R-A32O-07	TCGA-H8-A6C1-01A-11D-A32M-01	TCGA-H8-A6C1-01A-11D-A32N-08
TCGA-HZ-7924-01A	TCGA-HZ-7924	PAAD	Gemcitabine	S	Complete Response	TCGA-HZ-7924-01A-11R-2156-07	TCGA-HZ-7924-01A-11D-2153-01	TCGA-HZ-7924-01A-11D-2154-08
TCGA-HZ-8317-01A	TCGA-HZ-8317	PAAD	Gemcitabine	R	Clinical Progressive Disease	TCGA-HZ-8317-01A-11R-2404-07	TCGA-HZ-8317-01A-11D-2392-01	TCGA-HZ-8317-01A-11D-2396-08
TCGA-HZ-A49G-01A	TCGA-HZ-A49G	PAAD	Gemcitabine	R	Clinical Progressive Disease	TCGA-HZ-A49G-01A-11R-A26U-07	TCGA-HZ-A49G-01A-11D-A26H-01	TCGA-HZ-A49G-01A-11D-A26I-08
TCGA-HZ-A49H-01A	TCGA-HZ-A49H	PAAD	Gemcitabine	S	Complete Response	TCGA-HZ-A49H-01A-11R-A26U-07	TCGA-HZ-A49H-01A-11D-A26H-01	TCGA-HZ-A49H-01A-11D-A26I-08
TCGA-HZ-A77O-01A	TCGA-HZ-A77O	PAAD	Gemcitabine	R	Clinical Progressive Disease	TCGA-HZ-A77O-01A-11R-A33R-07	TCGA-HZ-A77O-01A-11D-A33S-01	TCGA-HZ-A77O-01A-11D-A33T-08
TCGA-HZ-A77P-01A	TCGA-HZ-A77P	PAAD	Gemcitabine	S	Complete Response	TCGA-HZ-A77P-01A-11R-A33R-07	TCGA-HZ-A77P-01A-11D-A33S-01	TCGA-HZ-A77P-01A-11D-A33T-08
TCGA-IB-7644-01A	TCGA-IB-7644	PAAD	Gemcitabine	R	Clinical Progressive Disease	TCGA-IB-7644-01A-11R-2156-07	TCGA-IB-7644-01A-11D-2153-01	TCGA-IB-7644-01A-11D-2154-08
TCGA-IB-7647-01A	TCGA-IB-7647	PAAD	Gemcitabine	R	Clinical Progressive Disease	TCGA-IB-7647-01A-11R-2156-07	TCGA-IB-7647-01A-11D-2153-01	TCGA-IB-7647-01A-11D-2154-08
TCGA-IB-7651-01A	TCGA-IB-7651	PAAD	Gemcitabine	R	Clinical Progressive Disease	TCGA-IB-7651-01A-11R-2156-07	TCGA-IB-7651-01A-11D-2153-01	TCGA-IB-7651-01A-11D-2154-08
TCGA-IB-7652-01A	TCGA-IB-7652	PAAD	Gemcitabine	S	Complete Response	TCGA-IB-7652-01A-11R-2156-07	TCGA-IB-7652-01A-11D-2153-01	TCGA-IB-7652-01A-11D-2154-08
TCGA-IB-7885-01A	TCGA-IB-7885	PAAD	Gemcitabine	S	Complete Response	TCGA-IB-7885-01A-11R-2156-07	TCGA-IB-7885-01A-11D-2153-01	TCGA-IB-7885-01A-11D-2154-08
TCGA-IB-7889-01A	TCGA-IB-7889	PAAD	Gemcitabine	R	Clinical Progressive Disease	TCGA-IB-7889-01A-11R-2156-07	TCGA-IB-7889-01A-11D-2153-01	TCGA-IB-7889-01A-11D-2154-08
TCGA-IB-8127-01A	TCGA-IB-8127	PAAD	Gemcitabine	S	Complete Response	TCGA-IB-8127-01A-11R-2404-07	TCGA-IB-8127-01A-11D-2392-01	TCGA-IB-8127-01A-11D-2396-08
TCGA-IB-A5SO-01A	TCGA-IB-A5SO	PAAD	Gemcitabine	R	Clinical Progressive Disease	TCGA-IB-A5SO-01A-11R-A32O-07	TCGA-IB-A5SO-01A-11D-A32M-01	TCGA-IB-A5SO-01A-11D-A32N-08
TCGA-IB-A5SP-01A	TCGA-IB-A5SP	PAAD	Gemcitabine	R	Clinical Progressive Disease	TCGA-IB-A5SP-01A-11R-A32O-07	TCGA-IB-A5SP-01A-11D-A32M-01	TCGA-IB-A5SP-01A-11D-A32N-08
TCGA-IB-A5SS-01A	TCGA-IB-A5SS	PAAD	Gemcitabine	S	Partial Response	TCGA-IB-A5SS-01A-11R-A32O-07	TCGA-IB-A5SS-01A-11D-A32M-01	TCGA-IB-A5SS-01A-11D-A32N-08
TCGA-IB-A6UF-01A	TCGA-IB-A6UF	PAAD	Gemcitabine	S	Complete Response	TCGA-IB-A6UF-01A-23R-A33R-07	TCGA-IB-A6UF-01A-23D-A33S-01	TCGA-IB-A6UF-01A-23D-A33T-08
TCGA-IB-A7LX-01A	TCGA-IB-A7LX	PAAD	Gemcitabine	R	Clinical Progressive Disease	TCGA-IB-A7LX-01A-12R-A36G-07	TCGA-IB-A7LX-01A-12D-A36N-01	TCGA-IB-A7LX-01A-12D-A36O-08
TCGA-IB-AAUO-01A	TCGA-IB-AAUO	PAAD	Gemcitabine	R	Clinical Progressive Disease	TCGA-IB-AAUO-01A-12R-A38C-07	TCGA-IB-AAUO-01A-12D-A38F-01	TCGA-IB-AAUO-01A-12D-A38G-08
TCGA-LB-A8F3-01A	TCGA-LB-A8F3	PAAD	Gemcitabine	S	Complete Response	TCGA-LB-A8F3-01A-11R-A36G-07	TCGA-LB-A8F3-01A-11D-A36N-01	TCGA-LB-A8F3-01A-11D-A36O-08
TCGA-MP-A4T9-01A	TCGA-MP-A4T9	LUAD	Gemcitabine	S	Complete Response	TCGA-MP-A4T9-01A-11R-A24X-07	TCGA-MP-A4T9-01A-11D-A24O-01	TCGA-MP-A4T9-01A-11D-A24P-08
TCGA-Q3-A5QY-01A	TCGA-Q3-A5QY	PAAD	Gemcitabine	S	Partial Response	TCGA-Q3-A5QY-01A-12R-A32O-07	TCGA-Q3-A5QY-01A-12D-A32M-01	TCGA-Q3-A5QY-01A-12D-A32N-08
TCGA-RB-AA9M-01A	TCGA-RB-AA9M	PAAD	Gemcitabine	R	Clinical Progressive Disease	TCGA-RB-AA9M-01A-11R-A39D-07	TCGA-RB-AA9M-01A-11D-A396-01	TCGA-RB-AA9M-01A-11D-A397-08
TCGA-S4-A8RM-01A	TCGA-S4-A8RM	PAAD	Gemcitabine	S	Complete Response	TCGA-S4-A8RM-01A-11R-A37L-07	TCGA-S4-A8RM-01A-11D-A376-01	TCGA-S4-A8RM-01A-11D-A377-08
TCGA-US-A774-01A	TCGA-US-A774	PAAD	Gemcitabine	R	Clinical Progressive Disease	TCGA-US-A774-01A-21R-A32O-07	TCGA-US-A774-01A-21D-A32M-01	TCGA-US-A774-01A-21D-A32N-08
TCGA-WB-A81Q-01A	TCGA-WB-A81Q	PCPG	Gemcitabine	R	Clinical Progressive Disease	TCGA-WB-A81Q-01A-11R-A35L-07	TCGA-WB-A81Q-01A-11D-A35H-01	TCGA-WB-A81Q-01A-11D-A35I-08
TCGA-X6-A7WC-01A	TCGA-X6-A7WC	SARC	Gemcitabine	R	Stable Disease	TCGA-X6-A7WC-01A-12R-A355-07	TCGA-X6-A7WC-01A-12D-A350-01	TCGA-X6-A7WC-01A-12D-A351-09
TCGA-X6-A8C6-01A	TCGA-X6-A8C6	SARC	Gemcitabine	R	Clinical Progressive Disease	TCGA-X6-A8C6-01A-11R-A36F-07	TCGA-X6-A8C6-01A-11D-A36I-01	TCGA-X6-A8C6-01A-11D-A36J-09
TCGA-XD-AAUI-01A	TCGA-XD-AAUI	PAAD	Gemcitabine	R	Clinical Progressive Disease	TCGA-XD-AAUI-01A-42R-A41B-07	TCGA-XD-AAUI-01A-42D-A40V-01	TCGA-XD-AAUI-01A-42D-A40W-08
