sample	patient	cohort	drug	response	measure_of_response	exprs_sample_barcode	cna_sample_barcode	mut_sample_barcode
TCGA-3B-A9HT-01A	TCGA-3B-A9HT	SARC	Cisplatin	S	Complete Response	TCGA-3B-A9HT-01A-11R-A39D-07	TCGA-3B-A9HT-01A-11D-A38Y-01	TCGA-3B-A9HT-01A-11D-A38Z-09
TCGA-B7-A5TN-01A	TCGA-B7-A5TN	STAD	Cisplatin	S	Complete Response	TCGA-B7-A5TN-01A-21R-A31P-31	TCGA-B7-A5TN-01A-21D-A31K-01	TCGA-B7-A5TN-01A-21D-A31L-08
TCGA-BA-A4IF-01A	TCGA-BA-A4IF	HNSC	Cisplatin	S	Complete Response	TCGA-BA-A4IF-01A-11R-A266-07	TCGA-BA-A4IF-01A-11D-A25X-01	TCGA-BA-A4IF-01A-11D-A25Y-08
TCGA-BA-A4IH-01A	TCGA-BA-A4IH	HNSC	Cisplatin	S	Complete Response	TCGA-BA-A4IH-01A-11R-A266-07	TCGA-BA-A4IH-01A-11D-A25X-01	TCGA-BA-A4IH-01A-11D-A25Y-08
TCGA-BA-A6D8-01A	TCGA-BA-A6D8	HNSC	Cisplatin	S	Complete Response	TCGA-BA-A6D8-01A-31R-A31N-07	TCGA-BA-A6D8-01A-31D-A31K-01	TCGA-BA-A6D8-01A-31D-A31L-08
TCGA-BA-A6DA-01A	TCGA-BA-A6DA	HNSC	Cisplatin	S	Complete Response	TCGA-BA-A6DA-01A-31R-A31N-07	TCGA-BA-A6DA-01A-31D-A31K-01	TCGA-BA-A6DA-01A-31D-A31L-08
TCGA-BA-A6DD-01A	TCGA-BA-A6DD	HNSC	Cisplatin	R	Clinical Progressive Disease	TCGA-BA-A6DD-01A-12R-A31N-07	TCGA-BA-A6DD-01A-12D-A31K-01	TCGA-BA-A6DD-01A-12D-A31L-08
TCGA-BA-A6DI-01A	TCGA-BA-A6DI	HNSC	Cisplatin	S	Complete Response	TCGA-BA-A6DI-01A-11R-A30B-07	TCGA-BA-A6DI-01A-11D-A30D-01	TCGA-BA-A6DI-01A-11D-A30E-08
TCGA-BA-A6DJ-01A	TCGA-BA-A6DJ	HNSC	Cisplatin	S	Complete Response	TCGA-BA-A6DJ-01A-11R-A30B-07	TCGA-BA-A6DJ-01A-11D-A30D-01	TCGA-BA-A6DJ-01A-11D-A30E-08
TCGA-C5-A1BQ-01C	TCGA-C5-A1BQ	CESC	Cisplatin	S	Complete Response	TCGA-C5-A1BQ-01C-11R-A213-07	TCGA-C5-A1BQ-01C-11D-A20T-01	TCGA-C5-A1BQ-01C-11D-A20U-09
TCGA-CG-5724-01A	TCGA-CG-5724	STAD	Cisplatin	R	Clinical Progressive Disease	TCGA-CG-5724-01A-11R-1602-13	TCGA-CG-5724-01A-11D-1599-01	TCGA-CG-5724-01A-11D-1600-08
TCGA-CN-6998-01A	TCGA-CN-6998	HNSC	Cisplatin	R	Clinical Progressive Disease	TCGA-CN-6998-01A-23R-2016-07	TCGA-CN-6998-01A-23D-2010-01	TCGA-CN-6998-01A-23D-2012-08
TCGA-CN-A63T-01A	TCGA-CN-A63T	HNSC	Cisplatin	S	Complete Response	TCGA-CN-A63T-01A-11R-A28V-07	TCGA-CN-A63T-01A-11D-A28Q-01	TCGA-CN-A63T-01A-11D-A28R-08
TCGA-CN-A641-01A	TCGA-CN-A641	HNSC	Cisplatin	S	Complete Response	TCGA-CN-A641-01A-11R-A30B-07	TCGA-CN-A641-01A-11D-A30D-01	TCGA-CN-A641-01A-11D-A30E-08
TCGA-CN-A6V3-01A	TCGA-CN-A6V3	HNSC	Cisplatin	S	Complete Response	TCGA-CN-A6V3-01A-12R-A34R-07	TCGA-CN-A6V3-01A-12D-A34I-01	TCGA-CN-A6V3-01A-12D-A34J-08
TCGA-CN-A6V6-01A	TCGA-CN-A6V6	HNSC	Cisplatin	S	Complete Response	TCGA-CN-A6V6-01A-12R-A34R-07	TCGA-CN-A6V6-01A-12D-A34I-01	TCGA-CN-A6V6-01A-12D-A34J-08
TCGA-CN-A6V7-01A	TCGA-CN-A6V7	HNSC	Cisplatin	S	Complete Response	TCGA-CN-A6V7-01A-12R-A34R-07	TCGA-CN-A6V7-01A-12D-A34I-01	TCGA-CN-A6V7-01A-12D-A34J-08
TCGA-CQ-A4CH-01A	TCGA-CQ-A4CH	HNSC	Cisplatin	S	Partial Response	TCGA-CQ-A4CH-01A-11R-A266-07	TCGA-CQ-A4CH-01A-11D-A25X-01	TCGA-CQ-A4CH-01A-11D-A25Y-08
TCGA-D6-A6EK-01A	TCGA-D6-A6EK	HNSC	Cisplatin	S	Partial Response	TCGA-D6-A6EK-01A-11R-A31N-07	TCGA-D6-A6EK-01A-11D-A31K-01	TCGA-D6-A6EK-01A-11D-A31L-08
TCGA-D7-6520-01A	TCGA-D7-6520	STAD	Cisplatin	R	Clinical Progressive Disease	TCGA-D7-6520-01A-11R-1802-13	TCGA-D7-6520-01A-11D-1799-01	TCGA-D7-6520-01A-11D-1800-08
TCGA-DS-A5RQ-01A	TCGA-DS-A5RQ	CESC	Cisplatin	S	Complete Response	TCGA-DS-A5RQ-01A-11R-A28H-07	TCGA-DS-A5RQ-01A-11D-A28A-01	TCGA-DS-A5RQ-01A-11D-A28B-09
TCGA-DS-A7WF-01A	TCGA-DS-A7WF	CESC	Cisplatin	S	Partial Response	TCGA-DS-A7WF-01A-11R-A352-07	TCGA-DS-A7WF-01A-11D-A350-01	TCGA-DS-A7WF-01A-11D-A351-09
TCGA-DS-A7WH-01A	TCGA-DS-A7WH	CESC	Cisplatin	S	Complete Response	TCGA-DS-A7WH-01A-22R-A352-07	TCGA-DS-A7WH-01A-22D-A350-01	TCGA-DS-A7WH-01A-22D-A351-09
TCGA-DS-A7WI-01A	TCGA-DS-A7WI	CESC	Cisplatin	S	Complete Response	TCGA-DS-A7WI-01A-12R-A352-07	TCGA-DS-A7WI-01A-12D-A350-01	TCGA-DS-A7WI-01A-12D-A351-09
TCGA-DX-A7EQ-01A	TCGA-DX-A7EQ	SARC	Cisplatin	R	Clinical Progressive Disease	TCGA-DX-A7EQ-01A-11R-A466-07	TCGA-DX-A7EQ-01A-11D-A386-01	TCGA-DX-A7EQ-01A-11D-A387-09
TCGA-E5-A2PC-01A	TCGA-E5-A2PC	BLCA	Cisplatin	S	Complete Response	TCGA-E5-A2PC-01A-11R-A206-07	TCGA-E5-A2PC-01A-11D-A201-01	TCGA-E5-A2PC-01A-11D-A202-08
TCGA-EA-A3QD-01A	TCGA-EA-A3QD	CESC	Cisplatin	S	Complete Response	TCGA-EA-A3QD-01A-32R-A22U-07	TCGA-EA-A3QD-01A-32D-A22W-01	TCGA-EA-A3QD-01A-32D-A22X-09
TCGA-EK-A2H0-01A	TCGA-EK-A2H0	CESC	Cisplatin	S	Complete Response	TCGA-EK-A2H0-01A-11R-A180-07	TCGA-EK-A2H0-01A-11D-A17U-01	TCGA-EK-A2H0-01A-11D-A17W-09
TCGA-EX-A3L1-01A	TCGA-EX-A3L1	CESC	Cisplatin	S	Complete Response	TCGA-EX-A3L1-01A-11R-A32Y-07	TCGA-EX-A3L1-01A-11D-A21P-01	TCGA-EX-A3L1-01A-11D-A21Q-09
TCGA-F7-A50J-01A	TCGA-F7-A50J	HNSC	Cisplatin	S	Complete Response	TCGA-F7-A50J-01A-21R-A28V-07	TCGA-F7-A50J-01A-21D-A28Q-01	TCGA-F7-A50J-01A-21D-A28R-08
TCGA-FU-A23L-01A	TCGA-FU-A23L	CESC	Cisplatin	S	Complete Response	TCGA-FU-A23L-01A-11R-A16R-07	TCGA-FU-A23L-01A-11D-A16M-01	TCGA-FU-A23L-01A-11D-A16O-08
TCGA-HD-8314-01A	TCGA-HD-8314	HNSC	Cisplatin	S	Complete Response	TCGA-HD-8314-01A-11R-2403-07	TCGA-HD-8314-01A-11D-2390-01	TCGA-HD-8314-01A-11D-2394-08
TCGA-HM-A4S6-01A	TCGA-HM-A4S6	CESC	Cisplatin	S	Complete Response	TCGA-HM-A4S6-01A-11R-A26T-07	TCGA-HM-A4S6-01A-11D-A26F-01	TCGA-HM-A4S6-01A-11D-A26G-09
TCGA-IQ-A61E-01A	TCGA-IQ-A61E	HNSC	Cisplatin	S	Complete Response	TCGA-IQ-A61E-01A-22R-A30B-07	TCGA-IQ-A61E-01A-22D-A30D-01	TCGA-IQ-A61E-01A-22D-A30E-08
TCGA-IQ-A61G-01A	TCGA-IQ-A61G	HNSC	Cisplatin	R	Clinical Progressive Disease	TCGA-IQ-A61G-01A-11R-A30B-07	TCGA-IQ-A61G-01A-11D-A30D-01	TCGA-IQ-A61G-01A-11D-A30E-08
TCGA-IQ-A61J-01A	TCGA-IQ-A61J	HNSC	Cisplatin	S	Complete Response	TCGA-IQ-A61J-01A-11R-A30B-07	TCGA-IQ-A61J-01A-11D-A30D-01	TCGA-IQ-A61J-01A-11D-A30E-08
TCGA-IQ-A61O-01A	TCGA-IQ-A61O	HNSC	Cisplatin	S	Complete Response	TCGA-IQ-A61O-01A-11R-A30B-07	TCGA-IQ-A61O-01A-11D-A30D-01	TCGA-IQ-A61O-01A-11D-A30E-08
TCGA-IR-A3L7-01A	TCGA-IR-A3L7	CESC	Cisplatin	S	Complete Response	TCGA-IR-A3L7-01A-21R-A213-07	TCGA-IR-A3L7-01A-21D-A20T-01	TCGA-IR-A3L7-01A-21D-A20U-09
TCGA-IR-A3LC-01A	TCGA-IR-A3LC	CESC	Cisplatin	S	Complete Response	TCGA-IR-A3LC-01A-11R-A213-07	TCGA-IR-A3LC-01A-11D-A20T-01	TCGA-IR-A3LC-01A-11D-A20U-09
TCGA-IR-A3LH-01A	TCGA-IR-A3LH	CESC	Cisplatin	S	Complete Response	TCGA-IR-A3LH-01A-21R-A213-07	TCGA-IR-A3LH-01A-21D-A20T-01	TCGA-IR-A3LH-01A-21D-A20U-09
TCGA-IR-A3LK-01A	TCGA-IR-A3LK	CESC	Cisplatin	S	Complete Response	TCGA-IR-A3LK-01A-12R-A213-07	TCGA-IR-A3LK-01A-12D-A20T-01	TCGA-IR-A3LK-01A-12D-A20U-09
TCGA-IR-A3LL-01A	TCGA-IR-A3LL	CESC	Cisplatin	S	Complete Response	TCGA-IR-A3LL-01A-11R-A213-07	TCGA-IR-A3LL-01A-11D-A20T-01	TCGA-IR-A3LL-01A-11D-A20U-09
TCGA-KU-A6H7-01A	TCGA-KU-A6H7	HNSC	Cisplatin	S	Complete Response	TCGA-KU-A6H7-01A-11R-A31N-07	TCGA-KU-A6H7-01A-11D-A31K-01	TCGA-KU-A6H7-01A-11D-A31L-08
TCGA-MY-A5BD-01A	TCGA-MY-A5BD	CESC	Cisplatin	S	Complete Response	TCGA-MY-A5BD-01A-11R-A26T-07	TCGA-MY-A5BD-01A-11D-A26F-01	TCGA-MY-A5BD-01A-11D-A26G-09
TCGA-MY-A5BF-01A	TCGA-MY-A5BF	CESC	Cisplatin	S	Complete Response	TCGA-MY-A5BF-01A-11R-A26T-07	TCGA-MY-A5BF-01A-11D-A26F-01	TCGA-MY-A5BF-01A-11D-A26G-09
TCGA-MZ-A5BI-01A	TCGA-MZ-A5BI	HNSC	Cisplatin	S	Complete Response	TCGA-MZ-A5BI-01A-31R-A34R-07	TCGA-MZ-A5BI-01A-31D-A34I-01	TCGA-MZ-A5BI-01A-31D-A34J-08
TCGA-MZ-A6I9-01A	TCGA-MZ-A6I9	HNSC	Cisplatin	S	Complete Response	TCGA-MZ-A6I9-01A-11R-A31N-07	TCGA-MZ-A6I9-01A-11D-A31K-01	TCGA-MZ-A6I9-01A-11D-A31L-08
TCGA-MZ-A7D7-01A	TCGA-MZ-A7D7	HNSC	Cisplatin	S	Complete Response	TCGA-MZ-A7D7-01A-21R-A34R-07	TCGA-MZ-A7D7-01A-21D-A34I-01	TCGA-MZ-A7D7-01A-21D-A34J-08
TCGA-N5-A4RS-01A	TCGA-N5-A4RS	UCS	Cisplatin	S	Complete Response	TCGA-N5-A4RS-01A-11R-A28V-07	TCGA-N5-A4RS-01A-11D-A28Q-01	TCGA-N5-A4RS-01A-11D-A28R-08
TCGA-N5-A4RT-01A	TCGA-N5-A4RT	UCS	Cisplatin	S	Complete Response	TCGA-N5-A4RT-01A-11R-A28V-07	TCGA-N5-A4RT-01A-11D-A28Q-01	TCGA-N5-A4RT-01A-11D-A28R-08
TCGA-N9-A4Q1-01A	TCGA-N9-A4Q1	UCS	Cisplatin	S	Complete Response	TCGA-N9-A4Q1-01A-11R-A28V-07	TCGA-N9-A4Q1-01A-11D-A28Q-01	TCGA-N9-A4Q1-01A-11D-A28R-08
TCGA-P3-A6SW-01A	TCGA-P3-A6SW	HNSC	Cisplatin	S	Complete Response	TCGA-P3-A6SW-01A-11R-A34R-07	TCGA-P3-A6SW-01A-11D-A34I-01	TCGA-P3-A6SW-01A-11D-A34J-08
TCGA-P3-A6T2-01A	TCGA-P3-A6T2	HNSC	Cisplatin	S	Complete Response	TCGA-P3-A6T2-01A-11R-A34R-07	TCGA-P3-A6T2-01A-11D-A34I-01	TCGA-P3-A6T2-01A-11D-A34J-08
TCGA-P3-A6T3-01A	TCGA-P3-A6T3	HNSC	Cisplatin	S	Complete Response	TCGA-P3-A6T3-01A-11R-A34R-07	TCGA-P3-A6T3-01A-11D-A34I-01	TCGA-P3-A6T3-01A-11D-A34J-08
TCGA-P3-A6T7-01A	TCGA-P3-A6T7	HNSC	Cisplatin	S	Complete Response	TCGA-P3-A6T7-01A-11R-A34R-07	TCGA-P3-A6T7-01A-11D-A34I-01	TCGA-P3-A6T7-01A-11D-A34J-08
TCGA-P3-A6T8-01A	TCGA-P3-A6T8	HNSC	Cisplatin	S	Complete Response	TCGA-P3-A6T8-01A-11R-A34R-07	TCGA-P3-A6T8-01A-11D-A34I-01	TCGA-P3-A6T8-01A-11D-A34J-08
TCGA-Q1-A5R2-01A	TCGA-Q1-A5R2	CESC	Cisplatin	S	Partial Response	TCGA-Q1-A5R2-01A-11R-A28H-07	TCGA-Q1-A5R2-01A-11D-A28A-01	TCGA-Q1-A5R2-01A-11D-A28B-09
TCGA-Q1-A5R3-01A	TCGA-Q1-A5R3	CESC	Cisplatin	S	Partial Response	TCGA-Q1-A5R3-01A-11R-A28H-07	TCGA-Q1-A5R3-01A-11D-A28A-01	TCGA-Q1-A5R3-01A-11D-A28B-09
TCGA-Q1-A73O-01A	TCGA-Q1-A73O	CESC	Cisplatin	S	Complete Response	TCGA-Q1-A73O-01A-11R-A32P-07	TCGA-Q1-A73O-01A-11D-A32H-01	TCGA-Q1-A73O-01A-11D-A32I-09
TCGA-T2-A6X0-01A	TCGA-T2-A6X0	HNSC	Cisplatin	S	Complete Response	TCGA-T2-A6X0-01A-11R-A34R-07	TCGA-T2-A6X0-01A-11D-A34I-01	TCGA-T2-A6X0-01A-11D-A34J-08
TCGA-TN-A7HJ-01A	TCGA-TN-A7HJ	HNSC	Cisplatin	S	Complete Response	TCGA-TN-A7HJ-01A-12R-A34R-07	TCGA-TN-A7HJ-01A-12D-A34I-01	TCGA-TN-A7HJ-01A-12D-A34J-08
TCGA-TN-A7HL-01A	TCGA-TN-A7HL	HNSC	Cisplatin	S	Complete Response	TCGA-TN-A7HL-01A-11R-A34R-07	TCGA-TN-A7HL-01A-11D-A34I-01	TCGA-TN-A7HL-01A-11D-A34J-08
TCGA-UF-A7JC-01A	TCGA-UF-A7JC	HNSC	Cisplatin	S	Complete Response	TCGA-UF-A7JC-01A-21R-A34R-07	TCGA-UF-A7JC-01A-21D-A34I-01	TCGA-UF-A7JC-01A-21D-A34J-08
TCGA-UF-A7JF-01A	TCGA-UF-A7JF	HNSC	Cisplatin	S	Complete Response	TCGA-UF-A7JF-01A-11R-A34R-07	TCGA-UF-A7JF-01A-11D-A34I-01	TCGA-UF-A7JF-01A-11D-A34J-08
TCGA-UF-A7JJ-01A	TCGA-UF-A7JJ	HNSC	Cisplatin	S	Complete Response	TCGA-UF-A7JJ-01A-11R-A34R-07	TCGA-UF-A7JJ-01A-11D-A34I-01	TCGA-UF-A7JJ-01A-11D-A34J-08
TCGA-UF-A7JK-01A	TCGA-UF-A7JK	HNSC	Cisplatin	S	Complete Response	TCGA-UF-A7JK-01A-11R-A34R-07	TCGA-UF-A7JK-01A-11D-A34I-01	TCGA-UF-A7JK-01A-11D-A34J-08
